<?xml version="1.0" encoding="UTF-8"?>
<project-private xmlns="http://www.netbeans.org/ns/project-private/1">
    <editor-bookmarks xmlns="http://www.netbeans.org/ns/editor-bookmarks/2" lastBookmarkId="0"/>
    <open-files xmlns="http://www.netbeans.org/ns/projectui-open-files/2">
        <group>
            <file>file:/Users/ngobuitruongvu/Downloads/BTNHOMCHINHTHUC/BTNHOM1/src/BTCHUAN/ACCOUNT.java</file>
            <file>file:/Users/ngobuitruongvu/Downloads/BTNHOMCHINHTHUC/BTNHOM1/src/BTCHUAN/TrangChu.java</file>
            <file>file:/Users/ngobuitruongvu/Downloads/BTNHOMCHINHTHUC/BTNHOM1/src/BTCHUAN/HOADON.java</file>
            <file>file:/Users/ngobuitruongvu/Downloads/BTNHOMCHINHTHUC/BTNHOM1/src/BTCHUAN/frm_HOADON.java</file>
            <file>file:/Users/ngobuitruongvu/Downloads/BTNHOMCHINHTHUC/BTNHOM1/src/BTCHUAN/DangKy.java</file>
            <file>file:/Users/ngobuitruongvu/Downloads/BTNHOMCHINHTHUC/BTNHOM1/src/BTCHUAN/frm_PHIM.java</file>
            <file>file:/Users/ngobuitruongvu/Downloads/BTNHOMCHINHTHUC/BTNHOM1/src/BTCHUAN/BTNHOM1.java</file>
            <file>file:/Users/ngobuitruongvu/Downloads/BTNHOMCHINHTHUC/BTNHOM1/src/BTCHUAN/DangNhap.java</file>
            <file>file:/Users/ngobuitruongvu/Downloads/BTNHOMCHINHTHUC/BTNHOM1/src/BTCHUAN/frm_ACCOUNT.java</file>
        </group>
    </open-files>
</project-private>
